first;second
0 429
6 28
21 3400
28 522
67 134
79 237
84 210
86 543
89 200
130 168
134 251
149 3444
168 359
182 1408
197 551
198 2263
200 463
210 2020
212 892
221 255
237 451
251 512
255 561
290 379
321 355
330 1570
355 2595
359 473
379 2219
408 724
429 618
451 1047
463 685
473 878
512 586
522 564
543 573
551 749
561 585
564 1217
573 939
585 1025
586 735
618 795
625 1648
685 743
724 2582
735 805
743 899
749 855
795 1784
805 861
855 990
861 1014
878 1219
892 1565
899 1074
939 1517
990 1247
1014 1115
1025 1058
1043 1509
1047 1063
1058 1184
1063 1070
1070 1204
1074 1148
1115 1124
1124 1198
1148 1246
1165 1576
1184 1236
1198 1208
1204 1387
1208 1378
1217 1456
1219 1307
1236 2031
1246 1374
1247 1672
1307 1334
1334 2163
1374 1490
1378 1380
1380 1458
1387 1599
1408 1996
1456 1539
1458 1658
1490 1832
1509 1652
1517 2104
1539 2114
1565 2505
1570 1996
1576 1844
1599 1758
1648 1851
1652 1844
1658 1835
1672 1737
1737 1925
1758 1836
1784 3223
1832 2228
1835 1929
1836 2262
1844 1865
1851 2366
1865 1940
1925 2190
1929 2258
1930 3118
1940 2008
1996 2465
2008 2029
2020 2614
2029 2124
2031 2128
2104 2366
2114 3314
2124 2263
2128 2637
2163 2206
2190 2349
2206 2428
2219 2552
2228 2321
2258 2333
2262 2294
2263 3022
2294 2500
2321 2327
2327 2513
2333 2352
2349 2745
2352 2665
2366 3710
2428 2644
2465 2659
2500 3011
2505 2835
2513 2594
2552 2742
2582 3770
2594 2610
2595 2921
2610 2927
2614 3710
2637 2646
2644 2852
2646 2661
2659 3036
2661 2693
2665 2738
2693 3291
2738 2902
2742 3588
2745 3144
2835 3588
2852 3050
2902 3073
2921 3657
2927 3053
3011 3016
3016 3026
3022 3307
3026 3042
3036 3212
3042 3280
3050 3273
3053 3098
3073 3215
3098 3573
3118 3144
3144 3229
3212 3588
3215 3305
3223 3229
3229 3622
3273 3588
3280 3495
3291 3327
3305 3381
3307 3592
3314 3797
3327 3367
3367 3381
3381 3397
3397 3615
3400 3533
3444 3472
3472 3797
3495 3596
3533 3573
3573 3579
3579 3753
3588 3622
3592 3842
3596 3665
3615 3638
3622 3753
3638 3742
3657 3770
3665 3742
3710 3753
3742 3845
3753 3842
3770 3845
3797 3851
3842 3845
3845 3851
1 166
24 880
40 153
95 771
100 1848
144 547
153 177
160 271
166 327
177 190
190 194
194 230
218 691
230 274
269 1936
271 1646
274 322
281 373
283 714
322 350
327 667
350 353
353 356
356 371
371 817
373 906
547 566
566 688
667 917
688 1135
691 762
714 1663
732 1682
762 841
771 1674
775 1233
817 1048
841 871
871 1414
880 1092
889 1007
896 1094
906 1117
917 1013
959 3041
1007 1118
1013 1078
1048 1059
1059 1171
1078 1611
1092 3563
1094 1268
1117 1466
1118 1180
1135 1324
1171 1394
1180 2047
1233 2290
1268 1370
1324 1769
1370 1673
1394 1537
1396 1472
1414 1775
1450 2077
1459 1830
1466 1593
1472 1991
1537 1545
1545 1625
1593 1654
1611 2078
1625 1734
1646 2251
1654 1781
1663 3086
1673 1818
1674 1952
1682 1983
1734 1990
1769 2007
1775 1800
1781 2192
1800 1904
1818 2055
1830 2136
1848 2009
1864 2364
1904 2212
1910 2189
1936 2100
1952 2057
1983 1986
1986 2116
1990 2576
1991 2434
2007 2063
2009 2278
2047 2185
2055 2150
2057 2778
2063 3138
2077 3405
2078 2444
2100 3800
2116 2641
2136 2306
2150 2154
2154 3184
2185 2801
2189 2426
2192 2211
2211 2351
2212 2230
2230 2275
2251 2269
2269 2273
2273 3013
2275 2324
2278 2516
2290 3108
2306 2537
2324 2487
2351 2478
2364 2905
2426 2472
2434 2503
2444 2452
2452 2797
2472 2529
2478 2532
2487 2687
2503 2602
2516 2520
2520 3261
2529 2545
2532 2627
2537 2937
2545 2580
2576 2929
2580 2830
2602 2611
2611 3135
2627 2638
2638 3028
2641 2845
2687 2696
2696 2718
2718 2744
2744 2888
2778 3181
2797 2869
2801 2868
2830 3152
2845 3499
2868 3382
2869 2931
2888 2969
2905 2931
2929 3037
2931 3225
2937 3181
2969 3127
3013 3716
3028 3078
3037 3074
3041 3133
3074 3213
3078 3142
3086 3138
3108 3184
3127 3398
3133 3398
3135 3142
3138 3339
3142 3220
3152 3276
3181 3800
3184 3527
3213 3599
3220 3252
3225 3541
3252 3316
3261 3563
3276 3316
3316 3541
3339 3369
3369 3668
3382 3390
3390 3418
3398 3427
3405 3744
3418 3453
3427 3800
3453 3541
3499 3501
3501 3565
3527 3564
3541 3599
3563 3564
3564 3653
3565 3659
3599 3677
3653 3659
3659 3800
3668 3716
3677 3760
3716 3760
3744 3760
3760 3800
2 127
37 502
41 366
52 320
53 621
59 228
63 575
69 219
70 240
73 642
77 349
78 157
82 145
87 867
112 133
118 119
119 518
123 466
127 420
133 377
145 1107
151 159
157 278
159 208
195 1917
208 1286
219 591
228 307
240 298
272 357
275 594
278 499
298 334
305 540
307 703
311 369
317 683
320 433
329 2370
331 518
334 436
349 504
357 2092
366 563
369 479
375 2197
377 484
420 645
424 1046
433 542
436 587
466 1024
479 1416
484 941
499 640
502 698
504 550
505 1194
518 674
540 657
542 560
550 567
560 890
563 592
567 690
575 715
587 783
591 918
592 944
594 612
609 913
612 704
621 631
631 666
640 660
642 1034
645 1319
657 816
660 877
666 1411
674 751
683 1693
690 824
698 1146
701 1670
703 806
704 846
715 1308
751 1756
783 964
806 915
816 1349
822 1726
824 1140
846 1292
867 993
877 1003
890 898
898 1036
913 1559
915 937
918 1201
937 996
941 1251
944 969
964 1087
969 1002
993 1709
996 1512
1002 1015
1003 1068
1015 1209
1024 1709
1034 2714
1036 1245
1046 2794
1068 1105
1083 1312
1087 1162
1105 1406
1107 1332
1140 1600
1146 2728
1160 1289
1162 1189
1189 1283
1194 1501
1201 1951
1202 3045
1209 1337
1225 1726
1243 3245
1245 1274
1251 2311
1274 1325
1283 1431
1286 2095
1289 1675
1292 1299
1299 1838
1308 2604
1312 1521
1319 1558
1325 1480
1330 3436
1332 1345
1337 1563
1345 1671
1349 1383
1383 1963
1406 1627
1411 1542
1416 1491
1431 1786
1460 2553
1480 1550
1491 1540
1501 2422
1511 1853
1512 1636
1521 1547
1540 1826
1542 1706
1547 2340
1550 1776
1558 1623
1559 1941
1563 1655
1600 1722
1606 2598
1623 1629
1627 1712
1629 1943
1636 1763
1655 1858
1670 2749
1671 1689
1675 1885
1689 2481
1693 1699
1699 2246
1706 1959
1709 2913
1712 1713
1713 1780
1722 1837
1726 1902
1754 1776
1756 1973
1763 1993
1776 1796
1780 1819
1786 1953
1790 1890
1796 2332
1819 1822
1822 1887
1826 2439
1837 2265
1838 1842
1841 1896
1842 2407
1853 1917
1858 1984
1885 1895
1887 2079
1890 3245
1895 1978
1896 3361
1902 2297
1917 3125
1941 2935
1943 2191
1951 2033
1953 2276
1959 2390
1963 2102
1973 2137
1978 2169
1984 2186
1993 2096
2033 2561
2079 2110
2092 2804
2095 2164
2096 2490
2102 2134
2110 2125
2125 2202
2134 2307
2137 2713
2164 2257
2169 2785
2186 2587
2191 2226
2197 3017
2202 2313
2224 2587
2226 3104
2246 3468
2257 2485
2265 2541
2276 2636
2297 2499
2307 3000
2311 2488
2313 2389
2332 2354
2340 2976
2354 2550
2370 2393
2389 2450
2390 2425
2393 2977
2407 2731
2422 2818
2425 2435
2435 2448
2439 2597
2448 2684
2450 2531
2481 2502
2485 2727
2488 2515
2490 2678
2499 2536
2502 2841
2515 2761
2531 2856
2536 3088
2541 2588
2550 2555
2553 2714
2555 3010
2561 3385
2587 2632
2588 2781
2597 3114
2598 3183
2604 2634
2632 2697
2634 3256
2636 2655
2655 2703
2678 2789
2684 2811
2697 2939
2703 2725
2713 3362
2714 3072
2725 2970
2727 3189
2728 2777
2731 2853
2749 3450
2761 2997
2777 2809
2781 2819
2785 3350
2789 2892
2794 3114
2804 3689
2809 2911
2811 3101
2818 3589
2819 3056
2822 3189
2841 2876
2853 2934
2856 2996
2876 3082
2892 3186
2911 3209
2913 3266
2934 3825
2935 3032
2939 2978
2970 3512
2976 3679
2977 3056
2978 2989
2989 3047
2996 3066
2997 3361
3000 3452
3010 3284
3017 3047
3032 3466
3045 3323
3047 3055
3055 3059
3056 3146
3059 3334
3066 3112
3072 3183
3082 3548
3088 3148
3101 3143
3104 3344
3112 3349
3114 3777
3125 3676
3143 3185
3146 3404
3148 3187
3183 3410
3185 3278
3186 3218
3187 3194
3189 3452
3194 3205
3205 3237
3209 3245
3218 3219
3219 3240
3237 3474
3240 3289
3245 3468
3256 3257
3257 3302
3266 3825
3278 3308
3284 3321
3289 3498
3302 3498
3308 3435
3321 3325
3323 3385
3325 3490
3334 3532
3344 3386
3349 3408
3350 3409
3361 3589
3362 3496
3385 3804
3386 3500
3404 3465
3408 3421
3409 3589
3410 3540
3421 3550
3435 3813
3436 3678
3450 3515
3452 3516
3465 3660
3466 3468
3468 3515
3474 3647
3490 3555
3496 3562
3498 3757
3500 3792
3512 3550
3515 3589
3516 3794
3532 3718
3540 3548
3548 3617
3550 3590
3555 3607
3562 3804
3589 3626
3590 3673
3607 3741
3617 3777
3626 3729
3647 3813
3660 3689
3673 3715
3675 3792
3676 3825
3678 3715
3679 3777
3689 3741
3715 3813
3718 3783
3729 3794
3741 3862
3757 3813
3777 3804
3783 3786
3786 3787
3787 3862
3792 3813
3794 3862
3804 3825
3813 3825
3825 3862
3 444
4 18
7 96
8 472
17 297
18 132
29 101
34 440
36 202
45 411
51 365
57 1376
60 71
66 249
71 121
90 180
96 388
101 117
106 335
117 137
121 204
132 1026
137 205
150 599
175 209
180 222
193 589
199 1328
202 260
204 481
205 245
209 721
222 636
229 372
245 352
248 734
249 300
253 458
260 265
265 387
294 1694
297 325
300 486
309 606
315 653
325 430
335 994
341 695
352 455
365 414
372 403
381 442
387 492
388 662
403 593
411 508
414 1630
430 523
440 736
442 457
444 902
449 656
455 482
457 506
458 707
469 2383
472 617
475 1303
481 577
482 576
486 488
488 1158
492 521
506 525
507 680
508 750
521 664
523 620
525 571
528 2221
549 694
571 784
576 646
577 651
589 671
593 901
599 672
606 687
617 2593
620 760
636 942
646 814
651 847
653 3373
656 699
662 726
664 728
668 1903
671 853
672 2187
680 804
687 872
694 945
695 836
699 742
707 718
718 788
721 798
726 1301
728 738
734 1073
736 778
738 829
742 812
750 1373
760 815
778 830
784 1263
788 825
798 1591
804 1213
812 845
814 839
815 820
820 916
825 897
829 874
830 1399
836 1668
839 893
845 894
847 891
853 865
865 1127
872 1805
874 887
887 933
891 928
893 958
894 948
897 1199
901 1006
902 1098
916 1422
928 963
933 967
942 1126
945 1010
948 1104
958 960
960 1252
963 1192
967 1077
971 2111
975 1662
994 1187
1006 1011
1010 1084
1011 1016
1016 1291
1026 1592
1073 1298
1077 1190
1084 1235
1098 1258
1104 1150
1126 1261
1127 1847
1150 1161
1151 2308
1158 2067
1161 1270
1187 1264
1188 1385
1190 1281
1192 1287
1199 1400
1213 2081
1235 1239
1239 1342
1252 1474
1258 1584
1261 1351
1263 1317
1264 1657
1270 1352
1281 1314
1287 1390
1291 2203
1298 1704
1301 1362
1303 1579
1314 1478
1317 1556
1328 1493
1342 1423
1351 1470
1352 1357
1357 1402
1362 1575
1373 1477
1376 1425
1385 1684
1390 1577
1399 1485
1400 1483
1402 1618
1422 1504
1423 1947
1425 2120
1470 1486
1474 1549
1477 1942
1478 1590
1483 1602
1485 1496
1486 1578
1493 1516
1496 1562
1504 1515
1515 1554
1516 2395
1549 1809
1554 1620
1556 1708
1562 1806
1575 1743
1577 1631
1578 1733
1579 1637
1584 2023
1590 1685
1591 2291
1592 2522
1602 2182
1618 1687
1620 1921
1630 1680
1631 2003
1637 2689
1657 2549
1662 1697
1668 2060
1680 2133
1684 3826
1685 2088
1687 2040
1694 1728
1697 2377
1704 1909
1708 2981
1728 2998
1733 1772
1743 2470
1772 1892
1805 2586
1806 1927
1809 2397
1847 1860
1860 1935
1892 1912
1903 2014
1909 1968
1912 1933
1921 1998
1927 3582
1933 2069
1935 1955
1942 2041
1947 1961
1955 2153
1961 2072
1968 2196
1992 3473
1998 2036
2003 2117
2014 3826
2023 2208
2036 2112
2040 2371
2041 2357
2060 2201
2067 2344
2069 2107
2072 2144
2081 2411
2088 2089
2089 2218
2107 2220
2111 2981
2112 2139
2117 2266
2120 3060
2133 2362
2139 2596
2144 2277
2153 2319
2182 2558
2187 2291
2196 2524
2201 2336
2203 3265
2208 2309
2218 2241
2220 2293
2221 2473
2241 2252
2252 2331
2266 2386
2277 2388
2291 2625
2293 2348
2308 2473
2309 3111
2319 2812
2331 2335
2335 2400
2336 2619
2344 2483
2348 2453
2357 2360
2360 2409
2362 2571
2371 2374
2374 2442
2377 2596
2383 2522
2386 2895
2388 2437
2395 3719
2397 2414
2400 2666
2409 2732
2411 3414
2414 2431
2431 2509
2437 2517
2442 2454
2453 2621
2454 2494
2470 2600
2473 2972
2483 2540
2494 2533
2509 2554
2517 2564
2522 2768
2524 2907
2533 2565
2540 2881
2549 2689
2554 2692
2558 2832
2564 2617
2565 2750
2571 2865
2586 3094
2593 3063
2596 2821
2600 2847
2617 2840
2619 2795
2621 2810
2625 2759
2666 2860
2689 3132
2692 2883
2726 3063
2732 2739
2739 3159
2750 2756
2756 2879
2759 2763
2763 2994
2768 3200
2795 2991
2810 2954
2812 2834
2821 3391
2832 2942
2834 3110
2840 2880
2847 3767
2860 3176
2865 3024
2879 3198
2880 2932
2881 3091
2883 3195
2895 2933
2907 3080
2932 2974
2933 2963
2942 3044
2950 3155
2954 3003
2963 3313
2972 3426
2974 3163
2981 3324
2991 3255
2994 3087
2998 3318
3003 3099
3024 3694
3044 3391
3060 3479
3063 3641
3080 3264
3087 3672
3087 3479
3091 3425
3094 3312
3099 3336
3110 3503
3111 3174
3132 3315
3155 3396
3159 3216
3163 3173
3173 3241
3174 3608
3176 3179
3179 3275
3195 3242
3198 3268
3200 3277
3216 3411
3241 3470
3242 3267
3255 3796
3264 3419
3265 3343
3267 3326
3268 3523
3275 3292
3277 3853
3292 3526
3312 3719
3313 3642
3315 3401
3318 3789
3324 3543
3326 3535
3336 3359
3343 3543
3359 3399
3373 3608
3389 3582
3391 3426
3396 3401
3399 3446
3401 3446
3411 3594
3414 3539
3419 3703
3425 3591
3426 3503
3446 3663
3470 3492
3473 3703
3479 3796
3492 3635
3503 3593
3523 3821
3526 3583
3535 3611
3539 3850
3543 3598
3582 3635
3583 3597
3591 3597
3593 3789
3594 3762
3597 3671
3598 3671
3608 3624
3611 3699
3624 3719
3635 3853
3641 3762
3642 3824
3663 3745
3671 3736
3672 3703
3694 3796
3699 3722
3703 3822
3719 3822
3719 3762
3722 3768
3736 3737
3737 3751
3745 3767
3751 3819
3762 3796
3767 3768
3768 3819
3789 3824
3796 3850
3819 3826
3821 3855
3822 3850
3824 3826
3826 3853
3850 3855
3853 3855
5 287
11 88
19 44
31 792
35 104
44 2205
56 453
58 247
74 452
88 333
104 184
111 301
174 288
184 509
217 1164
220 339
236 464
247 495
287 435
288 579
295 616
301 675
333 520
339 605
417 725
435 471
452 1783
453 1223
464 800
471 572
495 548
500 1475
509 570
520 604
548 641
570 615
572 838
579 598
598 693
604 700
605 821
615 828
616 2343
641 763
675 1588
693 733
700 807
725 1093
733 997
763 787
787 940
792 997
800 881
807 1004
821 837
828 1029
837 908
838 922
881 1018
908 973
922 1157
940 991
973 1041
991 1488
997 1089
1004 1079
1018 1159
1029 1185
1041 1088
1062 1181
1079 1168
1088 1290
1089 1395
1093 1256
1111 1256
1157 1242
1159 1366
1164 1306
1168 1250
1181 1223
1185 1449
1223 1519
1242 1329
1250 1273
1256 1900
1273 1369
1290 1364
1306 2195
1329 1384
1364 1393
1366 1764
1369 1375
1375 1407
1384 2026
1393 1598
1395 2015
1407 1642
1449 1710
1475 1778
1488 1742
1519 1944
1583 1710
1588 1609
1596 2205
1598 1622
1609 1859
1622 1638
1638 1873
1642 1719
1710 1751
1719 1791
1721 1750
1742 2080
1750 2402
1751 1820
1764 1994
1778 2030
1783 1922
1791 1813
1793 1803
1803 2890
1813 1894
1820 1982
1859 2042
1873 2216
1894 2002
1900 2741
1922 2024
1944 2093
1982 2156
1994 2952
2002 2083
2015 2372
2024 2525
2026 2122
2030 2729
2042 2210
2080 2166
2083 2238
2093 2200
2122 2245
2156 2358
2166 2171
2171 2225
2195 2993
2200 3525
2205 2239
2210 3632
2216 2443
2225 2268
2238 2283
2239 3330
2245 2493
2268 2663
2283 2334
2334 2432
2343 2837
2358 2482
2372 2523
2402 2651
2432 2591
2443 2528
2482 2521
2493 2642
2521 2609
2523 2599
2525 3378
2528 2626
2591 2618
2599 2908
2609 2947
2618 2643
2626 3149
2642 2648
2643 2814
2648 2680
2651 3018
2663 2899
2680 2706
2706 2884
2729 3586
2741 3476
2814 2815
2815 2910
2837 3713
2884 2966
2890 2992
2899 3866
2908 2912
2910 2962
2912 2943
2943 3226
2947 3002
2952 3290
2962 3023
2966 3014
2992 3438
2993 3001
3001 3064
3002 3065
3014 3766
3018 3236
3023 3046
3046 3109
3064 3109
3065 3119
3109 3150
3119 3211
3149 3288
3150 3230
3211 3248
3226 3387
3230 3287
3236 3287
3248 3371
3287 3456
3288 3849
3290 3448
3330 3649
3371 3413
3378 3849
3387 3773
3413 3423
3423 3545
3438 3545
3448 3576
3456 3546
3476 3651
3525 3651
3545 3687
3546 3643
3576 3632
3586 3725
3632 3766
3643 3696
3649 3725
3651 3725
3687 3712
3696 3818
3712 3731
3713 3730
3725 3781
3730 3732
3730 3731
3731 3771
3732 3771
3766 3847
3771 3784
3773 3849
3781 3866
3784 3831
3818 3847
3831 3847
3831 3849
3847 3849
3849 3866
9 748
12 15
15 27
27 138
68 83
81 562
83 276
85 128
94 1022
108 282
128 343
138 170
142 534
170 189
189 252
252 378
276 432
282 652
343 415
345 514
378 405
405 406
406 568
415 416
416 437
432 716
437 950
454 1155
514 556
534 1494
556 684
562 702
568 663
652 983
663 769
670 983
684 740
702 1153
716 785
740 1101
748 1081
769 935
785 886
886 910
910 1033
935 1145
938 3071
950 1528
983 1102
1022 1172
1033 1044
1044 1064
1064 1143
1067 1528
1081 1445
1101 2151
1102 1315
1143 1433
1145 1210
1153 1869
1155 2489
1172 1259
1210 1398
1259 1391
1315 1465
1391 1759
1398 1505
1433 1931
1445 1481
1465 1661
1481 2373
1494 2286
1505 1651
1528 1580
1580 1619
1619 2075
1651 1960
1661 1664
1664 1962
1759 2064
1869 1964
1871 3478
1874 2941
1931 1997
1960 1995
1962 2098
1964 2017
1995 2288
1997 2184
2017 2492
2034 2098
2064 2148
2075 2423
2098 2475
2148 2477
2151 2440
2184 2233
2233 2567
2286 2477
2288 2387
2373 2380
2380 2415
2387 2615
2415 2416
2416 2826
2423 2592
2440 2547
2475 2730
2477 3311
2489 2650
2492 2906
2547 2569
2567 3455
2569 2903
2592 2839
2615 3206
2650 3206
2730 2787
2787 3210
2826 3429
2839 2842
2842 3137
2903 3621
2906 3071
2941 3126
2941 3206
3071 3621
3126 3206
3137 3279
3206 3688
3210 3282
3279 3504
3282 3561
3311 3578
3429 3688
3455 3868
3478 3578
3504 3754
3561 3614
3578 3754
3614 3681
3621 3798
3681 3868
3688 3868
3754 3779
3779 3808
3798 3868
3808 3868
10 1610
13 42
16 292
30 851
42 158
50 400
64 140
76 147
115 1479
140 196
147 319
158 169
169 192
179 3701
192 241
196 231
231 263
241 302
244 517
258 665
259 1736
263 390
289 409
292 755
296 842
302 391
319 342
342 1119
354 545
358 2735
360 1527
368 712
383 776
385 431
390 393
391 862
393 578
400 884
404 754
409 818
412 1527
413 487
431 601
487 533
491 1354
517 885
533 966
545 1610
578 731
601 624
603 819
624 686
665 1801
679 757
686 869
712 794
717 2248
727 819
730 2084
731 1341
754 761
755 768
757 1464
761 1525
764 2160
768 840
776 1502
794 1471
818 1429
819 1966
840 932
842 864
851 980
862 1053
864 1076
869 2779
884 1042
885 1881
903 2085
920 1293
932 989
966 1607
980 1222
989 1977
1042 1065
1053 1316
1065 1304
1076 1560
1119 1725
1203 1293
1222 1632
1293 2445
1304 1424
1316 1555
1341 2000
1354 1453
1424 1594
1429 1473
1453 2690
1464 1605
1471 3262
1473 1645
1479 1945
1495 1656
1502 2320
1525 1934
1527 1932
1555 1880
1560 2261
1594 1856
1605 1855
1607 2982
1610 2584
1632 1829
1645 1877
1656 2474
1716 3727
1725 1981
1736 2261
1744 2330
1788 1797
1797 2043
1801 3600
1829 2058
1855 2356
1856 1915
1877 1889
1880 2754
1881 2885
1889 3199
1915 2227
1932 2240
1934 3162
1945 3600
1966 2861
1977 2119
1981 2178
2000 2672
2043 2474
2058 2071
2071 2758
2084 2622
2085 2688
2119 2159
2159 2455
2160 3227
2178 2232
2227 2304
2232 2365
2240 2616
2248 2790
2261 2375
2304 2346
2320 3079
2325 2990
2330 2861
2346 2363
2356 2658
2363 2817
2365 2546
2375 2700
2445 2476
2455 2534
2474 2735
2476 3547
2491 3701
2506 2990
2534 2701
2546 2601
2584 2861
2601 2800
2616 3791
2622 3079
2658 3193
2672 2769
2674 2791
2688 2791
2690 2836
2700 3103
2701 2979
2735 3748
2754 3083
2758 2775
2769 2833
2775 2851
2779 2897
2790 2807
2791 3004
2800 3123
2807 3161
2817 2857
2833 3337
2836 3606
2851 3574
2854 3791
2857 3157
2861 3061
2885 2955
2897 3445
2917 3735
2955 2960
2960 3358
2979 3012
2982 3720
2990 3274
3004 3720
3012 3040
3040 3069
3061 3480
3069 3347
3079 3402
3083 3581
3103 3154
3123 3432
3154 3283
3157 3802
3161 3281
3162 3482
3193 3521
3199 3347
3227 3274
3262 3433
3274 3748
3281 3606
3283 3749
3337 3522
3347 3785
3358 3785
3402 3433
3432 3628
3433 3720
3445 3494
3480 3701
3482 3802
3494 3860
3521 3802
3522 3609
3547 3791
3568 3802
3574 3600
3581 3620
3600 3620
3606 3727
3609 3664
3620 3860
3628 3833
3664 3720
3701 3735
3720 3727
3727 3735
3735 3748
3748 3785
3749 3860
3785 3833
3791 3833
3802 3860
3833 3844
3844 3860
14 171
20 529
92 99
99 277
105 129
109 835
129 705
154 256
171 448
178 187
187 306
233 401
256 868
277 797
306 346
338 1123
346 510
394 628
401 461
448 519
450 3631
461 501
485 1176
501 557
510 934
515 866
519 876
526 790
529 1095
546 859
557 777
602 1051
628 678
655 1019
678 926
705 1045
777 907
790 1948
797 984
834 1724
835 2391
859 1023
866 953
868 2006
876 911
907 936
911 1060
926 1032
934 981
936 1049
953 1177
954 1367
981 995
984 1128
995 1001
1001 1193
1019 2480
1023 1356
1032 1120
1045 1397
1049 1282
1051 1137
1060 1371
1095 1266
1120 1455
1123 1254
1128 1482
1137 1353
1176 2480
1177 2174
1193 1248
1248 1262
1254 1432
1262 1265
1265 1392
1266 1440
1282 1327
1327 1633
1353 1795
1356 1513
1367 1377
1371 1587
1377 1548
1392 1435
1397 1827
1432 1532
1435 1747
1440 1442
1442 1914
1455 1524
1482 1799
1513 1816
1524 1535
1532 2044
1535 1573
1548 1698
1573 1792
1587 1782
1633 1688
1688 1821
1698 2292
1724 1918
1747 2342
1782 2022
1792 1817
1795 2168
1799 2570
1816 3249
1817 1926
1821 1850
1827 1923
1850 1976
1914 1939
1918 2284
1923 2162
1926 2427
1939 2215
1948 3707
1976 2508
2006 2338
2022 2126
2044 2061
2061 2152
2126 2518
2152 2378
2162 2867
2168 2511
2174 2719
2215 2355
2284 2394
2292 2772
2338 3067
2342 2401
2355 2975
2355 2427
2378 2710
2391 3121
2394 2566
2401 2770
2427 2429
2429 2712
2480 2664
2508 2589
2511 2915
2518 2987
2566 2679
2570 2675
2589 3057
2664 2772
2675 2784
2677 2766
2679 3683
2710 3340
2712 2753
2719 2951
2753 2878
2766 2793
2770 2926
2772 2964
2784 2858
2793 2808
2808 3286
2858 2898
2867 2953
2878 3121
2898 2918
2915 2999
2918 3202
2926 3039
2951 3202
2953 3129
2964 3365
2975 3057
2987 3416
2999 3048
3039 3085
3048 3331
3057 3116
3067 3331
3085 3285
3116 3128
3121 3188
3128 3451
3129 3166
3166 3178
3178 3483
3188 3394
3202 3625
3249 3580
3285 3333
3286 3619
3331 3685
3333 3383
3340 3619
3365 3457
3383 3557
3394 3625
3416 3556
3451 3493
3457 3610
3483 3746
3493 3520
3520 3566
3556 3836
3557 3559
3559 3685
3566 3605
3580 3836
3605 3613
3610 3707
3613 3674
3619 3685
3625 3639
3631 3639
3639 3706
3674 3685
3683 3684
3684 3867
3685 3706
3685 3836
3706 3746
3706 3836
3707 3867
3746 3836
3746 3867
3836 3867
22 303
25 93
46 270
48 293
75 643
93 541
131 905
214 584
216 524
223 746
238 447
270 328
279 344
293 396
303 622
328 552
344 347
347 623
396 580
447 456
456 513
513 574
524 870
541 555
552 638
555 626
574 723
580 650
584 632
613 2076
622 833
623 1368
626 782
632 709
638 972
643 1339
650 661
661 895
709 719
719 801
723 729
729 786
746 1762
767 1787
782 883
786 863
801 849
833 1075
848 1139
849 1099
863 1382
870 1745
883 946
895 968
905 1050
946 1056
947 2421
968 1012
972 1090
1012 1109
1050 1234
1056 1178
1075 1441
1090 1310
1099 1232
1109 1112
1112 1226
1133 1226
1139 1843
1178 1200
1200 1241
1226 1520
1232 1487
1234 1439
1241 1302
1302 1691
1310 1498
1339 1586
1368 1469
1382 1454
1439 1650
1441 1886
1454 1552
1469 1701
1487 1785
1498 2254
1520 1522
1522 1641
1552 1569
1569 1624
1586 2127
1624 1757
1641 2086
1650 1950
1691 1696
1696 1854
1701 2082
1745 2337
1757 1965
1762 2010
1785 1852
1787 1812
1812 2873
1843 1928
1852 2131
1854 1924
1886 1967
1924 1958
1928 3029
1950 2005
1958 2094
1965 2138
1967 1971
1971 2229
2005 2012
2010 3709
2012 2563
2076 3260
2082 2317
2086 2209
2094 2379
2127 2130
2130 2608
2131 2161
2138 2242
2161 2449
2209 2244
2229 2329
2242 2441
2244 2318
2254 2274
2274 2413
2317 2318
2318 2326
2326 2667
2329 2543
2337 3360
2379 2958
2413 2676
2421 2924
2441 2702
2449 2705
2543 2923
2563 2806
2608 2873
2667 2707
2676 2773
2702 2751
2705 2733
2707 3077
2733 2971
2751 3471
2773 2786
2786 3196
2806 2919
2873 3271
2919 3124
2923 3377
2924 3817
2958 2995
2971 2984
2984 3021
2995 3207
3021 3636
3029 3377
3077 3372
3124 3319
3196 3228
3207 3420
3228 3475
3260 3817
3271 3345
3319 3488
3345 3518
3360 3420
3372 3537
3377 3388
3388 3780
3420 3486
3471 3551
3475 3817
3486 3502
3488 3709
3502 3602
3518 3633
3537 3567
3551 3680
3567 3752
3602 3603
3603 3648
3633 3648
3636 3662
3648 3667
3662 3829
3667 3857
3680 3682
3682 3788
3709 3788
3752 3782
3780 3859
3782 3857
3788 3846
3817 3857
3829 3858
3846 3857
3857 3864
3858 3859
3859 3864
23 697
32 858
125 215
139 185
173 634
185 291
215 262
262 264
264 337
291 386
324 925
337 340
340 470
386 752
422 583
460 1358
470 530
530 611
583 1174
611 720
634 925
697 1707
720 974
752 772
772 924
858 1110
924 965
925 1166
965 986
974 1186
986 1037
1037 1144
1110 1883
1144 1320
1166 1331
1174 1389
1186 1205
1205 1284
1284 1360
1320 1418
1331 1878
1358 1500
1360 1497
1389 2946
1418 1557
1497 1669
1500 2198
1557 1571
1571 1908
1669 1678
1678 1711
1707 1804
1711 1899
1804 2748
1878 2384
1883 2016
1899 2001
1908 2143
2001 2217
2016 2028
2028 2090
2090 3005
2143 2147
2147 2247
2198 2264
2217 2479
2247 2572
2264 2289
2289 2988
2384 3153
2479 2538
2538 2556
2556 2581
2572 2577
2577 2639
2581 2681
2639 2973
2681 2765
2748 3355
2765 2859
2859 2891
2891 2940
2940 3160
2946 3160
2973 3084
2988 3008
3005 3366
3008 3100
3084 3536
3100 3352
3153 3201
3160 3175
3175 3595
3201 3814
3346 3595
3352 3440
3355 3814
3366 3536
3440 3461
3461 3595
3536 3814
3595 3601
3601 3721
3721 3750
3750 3814
26 232
43 203
47 72
49 161
65 304
72 164
80 770
91 191
102 1017
124 1567
126 428
148 597
156 254
161 172
164 494
172 188
181 213
188 310
191 211
203 659
207 397
211 462
213 250
232 242
242 781
250 1130
254 257
257 493
268 367
284 985
304 363
310 527
312 827
318 970
363 410
367 441
397 921
410 426
423 3093
426 478
428 987
441 619
462 627
478 565
490 1212
493 888
494 759
498 1582
503 596
527 531
531 536
536 544
544 1182
565 951
590 1727
596 673
597 1595
619 791
627 952
659 1741
673 1884
677 1149
682 713
713 999
759 1141
770 844
781 1427
791 808
808 1415
827 1154
831 2721
844 1401
888 1214
921 1313
951 1030
952 1276
956 3575
957 1071
970 1417
985 2199
987 1085
999 1000
1000 1163
1017 1296
1030 1207
1035 1347
1071 3081
1085 1409
1130 1215
1141 1437
1149 1604
1154 2298
1163 1297
1175 1278
1182 1634
1207 1280
1212 1686
1214 1613
1215 1428
1231 3217
1276 1603
1278 1333
1280 1410
1296 1438
1297 1336
1313 2249
1321 3320
1323 2165
1333 3354
1336 2175
1344 2032
1347 3552
1401 2051
1409 1779
1410 1484
1415 1746
1417 1434
1427 1436
1428 1773
1434 2025
1436 1653
1437 1531
1438 1739
1443 2207
1484 1761
1531 1614
1567 2424
1582 2497
1595 2654
1603 1666
1604 1972
1613 2056
1614 1626
1626 1985
1634 1735
1653 1667
1666 1681
1667 1717
1677 1752
1681 1770
1686 2463
1717 1815
1727 2956
1735 1749
1739 1802
1741 1875
1746 1753
1749 1794
1752 2463
1753 1974
1761 2158
1770 1777
1773 2446
1777 1814
1779 1879
1794 2101
1802 2250
1814 1905
1815 1857
1857 2271
1875 2027
1879 2583
1884 2302
1905 2376
1972 2669
1974 1979
1979 1989
1985 2013
1989 2433
2013 2682
2025 2183
2027 2173
2032 2235
2051 2142
2056 2146
2101 2118
2118 2385
2123 2328
2142 2486
2146 2404
2158 2350
2165 2302
2173 2945
2175 2312
2183 2668
2199 2721
2207 2649
2235 3217
2249 3320
2250 2562
2271 2368
2298 2657
2302 2649
2312 2949
2328 2949
2350 2673
2368 2436
2376 2495
2385 2462
2404 2685
2424 3351
2433 3368
2436 2542
2446 2894
2462 2606
2463 2945
2486 2796
2495 2640
2497 3203
2542 2743
2562 2802
2583 2603
2603 2752
2606 2694
2640 2757
2649 3027
2654 3415
2657 2820
2668 2720
2669 2715
2673 3190
2682 2816
2685 2708
2694 2723
2708 2948
2715 3034
2720 2849
2721 3217
2723 2792
2743 2848
2752 2896
2757 2914
2792 3140
2796 2983
2802 3182
2816 2936
2820 2930
2823 3747
2848 2900
2849 2968
2894 3105
2896 2957
2900 3169
2914 2944
2930 3062
2936 3272
2944 3356
2945 2965
2948 3217
2949 3259
2956 3342
2957 3654
2965 3020
2968 3034
2983 3070
3020 3089
3027 3093
3034 3246
3062 3180
3070 3107
3081 3272
3089 3113
3093 3203
3105 3462
3107 3259
3107 3575
3113 3134
3134 3353
3140 3235
3169 3434
3180 3816
3182 3254
3190 3231
3203 3810
3217 3351
3231 3460
3235 3447
3246 3351
3254 3417
3259 3747
3272 3738
3320 3363
3342 3552
3351 3644
3353 3572
3354 3460
3356 3634
3363 3634
3368 3616
3415 3434
3417 3424
3424 3449
3434 3761
3447 3497
3449 3728
3460 3529
3462 3807
3497 3587
3497 3747
3529 3863
3552 3728
3572 3575
3575 3747
3587 3747
3587 3761
3616 3810
3634 3807
3644 3807
3654 3837
3728 3810
3738 3816
3747 3761
3747 3807
3761 3807
3807 3810
3810 3863
3816 3837
3837 3863
33 38
38 316
136 348
186 1272
243 535
266 789
299 539
316 398
326 962
348 676
398 633
418 489
425 1156
445 558
459 1061
474 832
476 1919
477 826
489 1142
535 1300
539 1008
558 1220
633 639
639 722
676 708
708 914
722 803
737 2301
789 1862
803 809
809 943
826 850
832 1536
850 3033
914 1131
943 977
962 1489
977 979
979 992
992 1183
998 1131
1008 1054
1054 2037
1061 1103
1103 2132
1122 3805
1131 1195
1142 1372
1156 2578
1183 1197
1195 1381
1197 1218
1218 1444
1220 1597
1230 2359
1272 1530
1300 1363
1340 1938
1363 1954
1372 1730
1381 1635
1388 1534
1444 1462
1462 1828
1489 1608
1530 2630
1534 1615
1536 1980
1597 2456
1608 2011
1615 1649
1635 1715
1649 2073
1715 1774
1730 1810
1774 1808
1808 2004
1810 2460
1828 1872
1862 3484
1872 1876
1876 2106
1919 1987
1938 2004
1954 2467
1980 2828
1987 2256
2004 2046
2011 2361
2037 2287
2046 2068
2068 2070
2070 2074
2073 2359
2074 2222
2106 2253
2132 2430
2222 2260
2253 2464
2256 2451
2260 2305
2287 2300
2300 2341
2301 3756
2305 2314
2314 2405
2341 2347
2347 2613
2359 2361
2361 3038
2405 2438
2430 3805
2438 2461
2451 2510
2456 2504
2460 3507
2461 2514
2464 2724
2467 2863
2504 2512
2510 2704
2512 2519
2514 2544
2519 3007
2544 2662
2573 3630
2578 2850
2613 2711
2630 3310
2633 3756
2662 2870
2704 3204
2711 2874
2724 3068
2828 3096
2850 2877
2863 2925
2870 3136
2874 3322
2877 3467
2882 3406
2925 3506
3007 3058
3033 3640
3038 3167
3058 3092
3068 3297
3092 3524
3096 3686
3136 3296
3167 3239
3204 3380
3239 3799
3239 3805
3244 3467
3296 3306
3297 3463
3306 3477
3310 3403
3322 3412
3380 3666
3403 3823
3406 3524
3412 3458
3458 3724
3463 3646
3467 3507
3477 3714
3484 3670
3506 3570
3507 3542
3524 3843
3542 3724
3570 3755
3629 3697
3630 3646
3640 3758
3640 3666
3646 3764
3666 3670
3670 3778
3686 3724
3697 3843
3714 3830
3724 3734
3734 3843
3755 3764
3756 3778
3758 3778
3758 3799
3764 3772
3772 3840
3778 3843
3799 3805
3799 3843
3805 3843
3823 3843
3830 3843
3840 3843
3843 3865
39 854
107 116
110 1091
116 382
152 370
239 3329
370 468
382 559
402 2155
468 630
559 927
569 610
582 1768
610 1503
614 2590
630 1055
647 919
689 1861
854 1169
900 961
919 930
927 2959
930 1080
961 1581
1021 3006
1055 2259
1080 2045
1091 1191
1169 1692
1191 1224
1224 1405
1311 1553
1335 2149
1405 2145
1503 1898
1553 2021
1581 1825
1601 1660
1612 2824
1660 2155
1692 2316
1768 2980
1825 2062
1861 3293
1897 2039
1898 1949
1949 2237
2021 2149
2039 2243
2045 2267
2062 2381
2145 2575
2149 3106
2155 2231
2231 2396
2237 2746
2243 2498
2259 2322
2267 2323
2316 2829
2322 2889
2323 3431
2381 3693
2396 3554
2498 2539
2526 2889
2539 2698
2568 2698
2575 3233
2590 2980
2629 2746
2698 2736
2736 3293
2746 3224
2824 3395
2829 2844
2844 2887
2864 3293
2871 3827
2887 3300
2889 2904
2904 3827
2959 3442
2980 3803
3006 3803
3054 3250
3106 3803
3224 3669
3233 3528
3250 3407
3293 3395
3300 3379
3317 3329
3329 3407
3379 3835
3395 3803
3407 3454
3431 3511
3442 3827
3454 3693
3511 3835
3528 3793
3554 3795
3669 3765
3693 3839
3765 3861
3793 3835
3795 3803
3803 3838
3827 3839
3835 3861
3838 3839
3839 3861
54 103
103 234
122 176
163 225
176 351
225 465
234 380
351 516
380 392
392 407
407 480
434 553
465 1238
480 648
516 581
553 875
581 753
648 658
658 811
739 904
753 779
779 1132
811 1125
875 879
879 1134
904 955
955 1167
1069 2631
1125 1461
1132 1170
1134 1279
1167 1288
1170 1277
1228 1244
1238 1957
1244 1260
1260 3139
1277 1451
1279 1833
1285 1461
1288 1295
1295 1346
1346 1823
1348 1451
1451 1564
1461 1508
1508 1988
1529 3172
1564 1617
1617 2281
1823 1824
1824 2419
1833 1893
1893 2585
1957 2866
1988 2049
2049 2059
2059 2113
2113 2270
2270 2827
2281 2670
2419 2420
2420 2635
2585 2764
2631 2762
2635 2922
2670 2776
2762 3517
2764 3422
2776 2967
2827 3095
2866 3370
2922 3025
2967 3049
3025 3464
3049 3115
3095 3117
3115 3120
3117 3294
3120 3151
3139 3147
3147 3612
3151 3253
3172 3370
3253 3328
3294 3304
3304 3514
3328 3357
3357 3517
3370 3464
3422 3637
3464 3510
3510 3519
3514 3692
3517 3637
3519 3776
3612 3637
3637 3739
3692 3854
3739 3769
3769 3801
3776 3801
3801 3854
55 1113
113 120
114 654
120 155
143 261
155 600
261 323
267 747
273 313
285 982
313 741
323 511
439 692
511 554
532 1467
554 649
600 1100
649 780
654 796
692 1211
741 1237
747 1639
780 949
796 857
857 3763
929 2097
949 1072
982 1683
1072 1138
1100 1305
1113 1221
1138 1173
1173 1240
1211 1322
1216 3376
1221 1544
1237 1541
1240 1365
1305 1430
1322 1665
1365 1446
1421 2065
1430 1765
1446 1533
1467 3145
1533 1543
1541 2530
1543 1659
1544 1845
1574 1755
1639 1863
1659 1690
1665 2019
1683 2052
1690 1700
1700 1748
1748 1798
1755 1999
1765 2548
1798 1882
1845 2417
1863 2280
1868 2410
1882 1913
1913 2054
1999 2367
2019 2172
2052 2780
2054 2140
2065 2108
2097 2471
2108 3375
2140 2167
2167 2295
2172 2181
2181 2234
2234 2468
2280 2398
2295 2458
2367 2798
2398 2691
2410 2496
2417 2607
2458 2469
2468 3019
2469 2507
2471 2653
2496 2557
2507 2605
2530 2799
2548 2656
2557 3428
2605 2647
2607 3170
2647 2771
2653 3338
2656 3051
2691 2699
2699 3009
2771 2846
2780 3030
2798 3530
2799 3269
2846 3031
3009 3295
3019 3298
3030 3708
3031 3234
3051 3102
3102 3549
3145 3170
3170 3740
3234 3238
3238 3717
3269 3303
3295 3530
3298 3650
3303 3364
3338 3534
3364 3569
3375 3645
3376 3852
3428 3717
3530 3650
3534 3584
3549 3585
3569 3655
3584 3775
3585 3811
3645 3656
3650 3702
3655 3763
3656 3811
3702 3848
3708 3759
3717 3820
3740 3759
3759 3811
3763 3820
3775 3848
3811 3848
3820 3848
3848 3852
61 226
98 246
162 1040
165 235
167 227
226 773
227 332
235 399
246 793
286 2193
332 635
364 978
399 427
427 637
443 608
446 1350
537 873
538 710
595 1057
608 988
635 756
637 765
681 2551
706 1086
710 802
711 1129
744 765
756 882
765 1179
773 931
793 1038
802 856
856 1206
873 1028
882 1269
931 1760
978 1147
988 1703
1028 1452
1038 1096
1040 1551
1057 1572
1086 1492
1096 1447
1129 1468
1147 1723
1179 1361
1206 1294
1269 1318
1294 1355
1318 1343
1343 1644
1350 1738
1355 1419
1361 2109
1386 2103
1419 1476
1447 1616
1452 2406
1468 1499
1476 1561
1492 2115
1499 2272
1551 1585
1561 2018
1572 2223
1585 1589
1589 3052
1616 1647
1644 1946
1647 1891
1703 3156
1723 2236
1738 3076
1760 1870
1870 3341
1888 2296
1891 2066
1907 2018
1946 1969
1969 2087
2018 2135
2066 2282
2087 2418
2103 2193
2109 2176
2115 2813
2135 2303
2176 2285
2193 2272
2223 2310
2236 2369
2272 3165
2272 2285
2282 2339
2285 2740
2296 2838
2303 2382
2310 2920
2339 2408
2369 2985
2382 2652
2406 3481
2408 2716
2418 2447
2447 2560
2551 2683
2560 2760
2652 3164
2683 3309
2716 3192
2740 2886
2760 3251
2813 2875
2838 3168
2875 3443
2886 3043
2920 3384
2985 3695
3043 3197
3052 3222
3076 3192
3156 3158
3158 3531
3164 3661
3165 3197
3168 3481
3192 3270
3197 3430
3222 3481
3251 3309
3270 3439
3309 3443
3341 3459
3384 3812
3430 3544
3439 3704
3443 3832
3459 3658
3481 3812
3531 3627
3544 3661
3627 3695
3658 3711
3661 3841
3695 3711
3704 3809
3711 3832
3809 3832
3812 3856
3832 3856
3841 3856
62 483
183 852
206 588
308 336
336 607
362 421
374 1849
389 629
395 923
421 669
483 644
588 1152
607 758
629 774
644 1106
669 696
696 843
758 810
774 1196
810 909
843 860
852 1082
860 976
909 1039
923 1031
976 1052
1009 1676
1031 1066
1039 1271
1052 1249
1066 1413
1082 1114
1106 1255
1114 1116
1116 1121
1121 1379
1152 1546
1196 1275
1249 1253
1253 1412
1255 1404
1267 1338
1271 1326
1275 1514
1326 1526
1338 2392
1379 1566
1404 1720
1412 1457
1413 1463
1457 1518
1463 1766
1514 1523
1518 1643
1523 1866
1526 1807
1546 1628
1566 1568
1568 1621
1621 1640
1628 1679
1640 1729
1643 1956
1676 1732
1679 1695
1695 1807
1720 1937
1729 1731
1731 1740
1732 1767
1740 1831
1766 1811
1767 2180
1807 1839
1811 1906
1831 1840
1839 1901
1840 1867
1849 2105
1866 2091
1867 1920
1901 2255
1906 1911
1911 2177
1920 2050
1937 2035
1956 2141
2035 2188
2050 2099
2091 3130
2099 2170
2105 2194
2141 2855
2170 2345
2177 2179
2179 2457
2180 2695
2188 2399
2194 2574
2255 2466
2345 2579
2392 2709
2399 2623
2457 2459
2459 2624
2466 2620
2574 2612
2579 2722
2612 2717
2620 2645
2623 2805
2624 2671
2645 2872
2671 2803
2695 3690
2709 2767
2717 2831
2722 3558
2767 3509
2803 2916
2805 2843
2831 3301
2843 3122
2855 2893
2872 2961
2893 3214
2916 3171
2961 3243
3122 3141
3130 3263
3141 3232
3171 3806
3214 3247
3232 3335
3243 3441
3247 3577
3263 3726
3301 3393
3335 3487
3393 3437
3437 3489
3441 3491
3487 3691
3489 3491
3491 3505
3505 3618
3509 3806
3509 3690
3558 3723
3577 3691
3618 3698
3690 3698
3691 3726
3691 3723
3698 3733
3723 3733
3726 3733
3733 3806
97 146
141 376
146 419
201 224
224 280
280 1846
314 745
376 823
419 1027
438 467
467 1846
496 799
745 1403
799 1538
823 1005
1005 1510
1027 1097
1097 1227
1227 2157
1359 1420
1403 1448
1420 1507
1448 1718
1507 2559
1510 2038
1538 3604
1718 1771
1771 1970
1846 2660
1970 2121
2038 2412
2121 2660
2157 2279
2213 2737
2279 2501
2412 3090
2501 2788
2559 2686
2660 2686
2686 3485
2737 2755
2755 2783
2783 3258
2788 3035
3035 3177
3090 3332
3177 3508
3258 3652
3332 3652
3485 3513
3508 3538
3513 3553
3538 3652
3553 3774
3604 3774
3652 3828
3774 3828
135 1714
361 3131
1714 2535
1789 2628
1834 2535
2129 2628
2535 3700
2628 2928
2862 3815
2928 3208
3131 3623
3208 3815
3623 3815
3700 3815
384 766
497 2299
766 1108
813 2825
912 1020
1020 3790
1108 1229
1136 3560
1229 1257
1257 1506
1309 1426
1426 1975
1506 1702
1702 2053
1705 2048
1916 2315
1975 3374
2048 2299
2053 2204
2204 2353
2214 2747
2299 3097
2315 2484
2353 2403
2403 2527
2484 3075
2527 2734
2734 2774
2747 2909
2774 2782
2782 2901
2825 3834
2901 2938
2909 3348
2938 2986
2986 3015
3015 3299
3075 3221
3097 3191
3191 3705
3221 3571
3299 3469
3348 3705
3374 3571
3392 3834
3469 3743
3560 3571
3571 3790
3705 3834
3743 3834
3790 3834
